quantity,setting,value,lower,upper,unit,family,source_path,source_key,numerator,denominator
D1,cold_trip,1.6453676214373425,0.9657752530903926,2.3249599897842925,percentage points,cold_trip_absolute_error_D_six,data/accounting/SIX_SCALE_RESULTS.csv,setting=cold_trip;training_loss=absolute_error;scale=1,,
D2,cold_trip,0.9298224829336055,0.2741497403334662,1.585495225533745,percentage points,cold_trip_absolute_error_D_six,data/accounting/SIX_SCALE_RESULTS.csv,setting=cold_trip;training_loss=absolute_error;scale=2,,
D4,cold_trip,0.20957987444385576,-0.5675752227453257,0.9867349716330371,percentage points,cold_trip_absolute_error_D_six,data/accounting/SIX_SCALE_RESULTS.csv,setting=cold_trip;training_loss=absolute_error;scale=4,,
D8,cold_trip,0.2663310729643016,-0.6145000377691971,1.1471621836978003,percentage points,cold_trip_absolute_error_D_six,data/accounting/SIX_SCALE_RESULTS.csv,setting=cold_trip;training_loss=absolute_error;scale=8,,
Dprefix,cold_trip,0.26918561665773577,-0.6123829612239369,1.1507541945394084,percentage points,cold_trip_absolute_error_D_six,data/accounting/SIX_SCALE_RESULTS.csv,setting=cold_trip;training_loss=absolute_error;scale=full_prefix,,
Dcomplete,cold_trip,0.14296129846244718,-0.6273213879890966,0.9132439849139911,percentage points,cold_trip_absolute_error_D_six,data/accounting/SIX_SCALE_RESULTS.csv,setting=cold_trip;training_loss=absolute_error;scale=complete,,
Laggregation,cold_trip,1.3761820047796067,0.6261276764449647,2.148251451284998,percentage points,pointwise,data/accounting/ATTENUATION_COMPONENTS.csv,setting=cold_trip;training_loss=absolute_error;column=Laggregation,,
Ltail,cold_trip,0.1262243181952886,-0.15668251375769132,0.43247741404059353,percentage points,pointwise,data/accounting/ATTENUATION_COMPONENTS.csv,setting=cold_trip;training_loss=absolute_error;column=Ltail,,
Ltrip,cold_trip,1.5024063229748954,0.8225129601527749,2.1990877753190556,percentage points,pointwise,data/accounting/ATTENUATION_COMPONENTS.csv,setting=cold_trip;training_loss=absolute_error;column=Ltrip,,
Pi_complete,cold_trip,62.7906976744186,,,percent,original persistence family,data/accounting/original/SCALE_RESULTS.csv,setting=cold_trip;state=B;H=COMPLETE_TRIP_COMMON8,54.0,86.0
prefix_raw_gain,cold_trip,212.1374543822949,,,mL,descriptive,data/accounting/SIX_SCALE_RESULTS.csv,setting=cold_trip;training_loss=absolute_error;scale=full_prefix;column=raw_gain_mL,,
prefix_target_volume,cold_trip,78807.1283362898,,,mL,descriptive,data/accounting/SIX_SCALE_RESULTS.csv,setting=cold_trip;training_loss=absolute_error;scale=full_prefix;column=target_volume,,
complete_raw_gain,cold_trip,138.4566765494419,,,mL,descriptive,data/accounting/SIX_SCALE_RESULTS.csv,setting=cold_trip;training_loss=absolute_error;scale=complete;column=raw_gain_mL,,
complete_target_volume,cold_trip,96849.06197589655,,,mL,descriptive,data/accounting/SIX_SCALE_RESULTS.csv,setting=cold_trip;training_loss=absolute_error;scale=complete;column=target_volume,,
D1,unseen_vehicle,1.2203774334306405,0.8604717780529493,1.580283088808332,percentage points,unseen_vehicle_absolute_error_D_six,data/accounting/SIX_SCALE_RESULTS.csv,setting=unseen_vehicle;training_loss=absolute_error;scale=1,,
D2,unseen_vehicle,0.6255084681091538,0.24612482358859922,1.0048921126297086,percentage points,unseen_vehicle_absolute_error_D_six,data/accounting/SIX_SCALE_RESULTS.csv,setting=unseen_vehicle;training_loss=absolute_error;scale=2,,
D4,unseen_vehicle,0.11417443402845788,-0.33019079394060735,0.5585396619975231,percentage points,unseen_vehicle_absolute_error_D_six,data/accounting/SIX_SCALE_RESULTS.csv,setting=unseen_vehicle;training_loss=absolute_error;scale=4,,
D8,unseen_vehicle,-0.22387748491095033,-0.6531007520154589,0.20534578219355826,percentage points,unseen_vehicle_absolute_error_D_six,data/accounting/SIX_SCALE_RESULTS.csv,setting=unseen_vehicle;training_loss=absolute_error;scale=8,,
Dprefix,unseen_vehicle,-0.18355031011055847,-0.6149165973389876,0.24781597711787065,percentage points,unseen_vehicle_absolute_error_D_six,data/accounting/SIX_SCALE_RESULTS.csv,setting=unseen_vehicle;training_loss=absolute_error;scale=full_prefix,,
Dcomplete,unseen_vehicle,-0.3239534152429951,-0.8062310812988109,0.1583242508128207,percentage points,unseen_vehicle_absolute_error_D_six,data/accounting/SIX_SCALE_RESULTS.csv,setting=unseen_vehicle;training_loss=absolute_error;scale=complete,,
Laggregation,unseen_vehicle,1.403927743541199,1.1227598318598593,1.6870506317621756,percentage points,pointwise,data/accounting/ATTENUATION_COMPONENTS.csv,setting=unseen_vehicle;training_loss=absolute_error;column=Laggregation,,
Ltail,unseen_vehicle,0.14040310513243662,-0.041068781684042585,0.3474849265725581,percentage points,pointwise,data/accounting/ATTENUATION_COMPONENTS.csv,setting=unseen_vehicle;training_loss=absolute_error;column=Ltail,,
Ltrip,unseen_vehicle,1.5443308486736356,1.266402491536543,1.854869979781685,percentage points,pointwise,data/accounting/ATTENUATION_COMPONENTS.csv,setting=unseen_vehicle;training_loss=absolute_error;column=Ltrip,,
Pi_complete,unseen_vehicle,58.941605839416056,,,percent,original persistence family,data/accounting/original/SCALE_RESULTS.csv,setting=unseen_vehicle;state=B;H=COMPLETE_TRIP_COMMON8,323.0,548.0
prefix_raw_gain,unseen_vehicle,-997.9406178319186,,,mL,descriptive,data/accounting/SIX_SCALE_RESULTS.csv,setting=unseen_vehicle;training_loss=absolute_error;scale=full_prefix;column=raw_gain_mL,,
prefix_target_volume,unseen_vehicle,543687.7863245372,,,mL,descriptive,data/accounting/SIX_SCALE_RESULTS.csv,setting=unseen_vehicle;training_loss=absolute_error;scale=full_prefix;column=target_volume,,
complete_raw_gain,unseen_vehicle,-2167.1998131198634,,,mL,descriptive,data/accounting/SIX_SCALE_RESULTS.csv,setting=unseen_vehicle;training_loss=absolute_error;scale=complete;column=raw_gain_mL,,
complete_target_volume,unseen_vehicle,668985.0179521221,,,mL,descriptive,data/accounting/SIX_SCALE_RESULTS.csv,setting=unseen_vehicle;training_loss=absolute_error;scale=complete;column=target_volume,,
D1,cold_month,2.48975730067507,1.4908001213965942,3.488714479953546,percentage points,cold_month_absolute_error_D_six,data/accounting/SIX_SCALE_RESULTS.csv,setting=cold_month;training_loss=absolute_error;scale=1,,
D2,cold_month,1.3090160752651452,0.30916044719808067,2.3088717033322097,percentage points,cold_month_absolute_error_D_six,data/accounting/SIX_SCALE_RESULTS.csv,setting=cold_month;training_loss=absolute_error;scale=2,,
D4,cold_month,0.1881049380556258,-0.8905972729065678,1.2668071490178194,percentage points,cold_month_absolute_error_D_six,data/accounting/SIX_SCALE_RESULTS.csv,setting=cold_month;training_loss=absolute_error;scale=4,,
D8,cold_month,0.047940813810363046,-1.0095630223452456,1.1054446499659716,percentage points,cold_month_absolute_error_D_six,data/accounting/SIX_SCALE_RESULTS.csv,setting=cold_month;training_loss=absolute_error;scale=8,,
Dprefix,cold_month,0.09835431348228929,-0.84911333873509,1.0458219656996686,percentage points,cold_month_absolute_error_D_six,data/accounting/SIX_SCALE_RESULTS.csv,setting=cold_month;training_loss=absolute_error;scale=full_prefix,,
Dcomplete,cold_month,-0.13574284283271942,-1.7213637348166537,1.4498780491512149,percentage points,cold_month_absolute_error_D_six,data/accounting/SIX_SCALE_RESULTS.csv,setting=cold_month;training_loss=absolute_error;scale=complete,,
Laggregation,cold_month,2.391402987192781,1.4908436135936858,3.286680230345915,percentage points,pointwise,data/accounting/ATTENUATION_COMPONENTS.csv,setting=cold_month;training_loss=absolute_error;column=Laggregation,,
Ltail,cold_month,0.23409715631500871,-0.5159156684912809,1.1141969385197614,percentage points,pointwise,data/accounting/ATTENUATION_COMPONENTS.csv,setting=cold_month;training_loss=absolute_error;column=Ltail,,
Ltrip,cold_month,2.6255001435077894,1.3679610414129302,3.972901877026315,percentage points,pointwise,data/accounting/ATTENUATION_COMPONENTS.csv,setting=cold_month;training_loss=absolute_error;column=Ltrip,,
Pi_complete,cold_month,61.111111111111114,,,percent,original persistence family,data/accounting/original/SCALE_RESULTS.csv,setting=cold_month;state=B;H=COMPLETE_TRIP_COMMON8,33.0,54.0
prefix_raw_gain,cold_month,38.86348909384287,,,mL,descriptive,data/accounting/SIX_SCALE_RESULTS.csv,setting=cold_month;training_loss=absolute_error;scale=full_prefix;column=raw_gain_mL,,
prefix_target_volume,cold_month,39513.76174349592,,,mL,descriptive,data/accounting/SIX_SCALE_RESULTS.csv,setting=cold_month;training_loss=absolute_error;scale=full_prefix;column=target_volume,,
complete_raw_gain,cold_month,-67.69154868725127,,,mL,descriptive,data/accounting/SIX_SCALE_RESULTS.csv,setting=cold_month;training_loss=absolute_error;scale=complete;column=raw_gain_mL,,
complete_target_volume,cold_month,49867.490082456796,,,mL,descriptive,data/accounting/SIX_SCALE_RESULTS.csv,setting=cold_month;training_loss=absolute_error;scale=complete;column=target_volume,,
